Departamento,Total Empleados,Salario Promedio
Ahuachapán,11,1517.8
Cabañas,11,820.5363636363636
Chalatenango,11,1002.1818181818181
Cuscatlán,11,872.3136363636364
La Libertad,11,945.7636363636364
La Paz,11,2086.7772727272727
La Unión,11,2045.9
Morazán,11,770.5954545454547
San Miguel,11,1089.6318181818183
San Salvador,11,1206.7863636363636
San Vicente,11,1337.8500000000001
Santa Ana,11,1638.8
Sonsonate,11,760.1318181818183
Usulután,11,1805.8954545454544
